UV,Jar,JarID,Dish,detach.yes.no,no.days.detach
Control,C1,11,1,0,0
Control,C1,11,2,0,0
Control,C1,11,3,0,1
Control,C2,12,4,1,2
Control,C2,12,5,1,2
Control,C2,12,6,0,0
AA,AA1,21,7,0,1
AA,AA1,21,8,0,1
AA,AA1,21,9,0,0
AA,AA2,22,10,0,0
AA,AA2,22,11,0,0
AA,AA2,22,12,0,0
AA,AA3,23,13,0,0
AA,AA3,23,14,0,0
AA,AA3,23,15,0,1
AA,AA4,24,16,1,3
AA,AA4,24,17,0,0
AA,AA4,24,18,0,0
Control,C3,13,19,1,4
Control,C3,13,20,0,1
Control,C3,13,21,0,0
Control,C4,14,22,1,3
Control,C4,14,23,1,2
Control,C4,14,24,0,0
AB,AB1,41,25,1,9
AB,AB1,41,26,1,10
AB,AB1,41,27,1,5
AB,AB2,42,28,1,8
AB,AB2,42,29,1,17
AB,AB2,42,30,1,7
AB,AB3,43,31,1,7
AB,AB3,43,32,1,5
AB,AB3,43,33,1,8
AB,AB4,44,34,1,8
AB,AB4,44,35,1,14
AB,AB4,44,36,1,10
Control,C5,15,37,1,4
Control,C5,15,38,0,1
Control,C5,15,39,1,3
Control,C6,16,40,0,0
Control,C6,16,41,0,1
Control,C6,16,42,0,0
BB,BB1,31,43,1,3
BB,BB1,31,44,1,3
BB,BB1,31,45,0,0
BB,BB2,32,46,1,3
BB,BB2,32,47,1,7
BB,BB2,32,48,0,1
BB,BB3,33,49,0,1
BB,BB3,33,50,0,0
BB,BB3,33,51,1,6
BB,BB4,34,52,1,2
BB,BB4,34,53,1,3
BB,BB4,34,54,1,3
