Treatment,JarID,DishID,Day_00,Day_01,Day_02,Day_03,Day_04,Day_05,Day_06,Day_07,Day_09,Day_11,Day_13,Day_15,Day_17,Day_19,Day_21,Day_23,Day_25,Day_27
Control,C1,D1,1,1,1,1,3,3,3,3,3,4,4,5,5,8,8,9,9,11
Control,C1,D2,1,1,1,1,2,2,2,2,2,2,3,3,3,4,4,4,3,4
Control,C1,D3,1,1,1,1,2,2,2,2,2,3,3,3,4,5,7,7,8,8
Control,C2,D4,1,1,1,1,3,3,3,3,3,3,3,3,4,5,5,6,7,9
Control,C2,D5,1,1,1,1,2,2,3,3,3,4,4,4,6,6,9,10,10,10
Control,C2,D6,1,1,1,1,2,2,2,2,2,2,2,2,2,3,3,3,4,7
AA,AA1,D7,1,1,1,1,1,1,1,1,1,1,2,2,3,3,3,3,3,3
AA,AA1,D8,1,1,1,1,2,2,2,2,2,2,3,3,4,6,7,9,9,9
AA,AA1,D9,1,1,1,1,1,1,1,1,1,1,1,1,1,2,2,2,2,2
AA,AA2,D10,1,1,1,1,1,1,1,1,1,2,2,4,4,6,6,7,7,9
AA,AA2,D11,1,1,2,2,3,4,4,4,4,4,4,5,7,8,8,11,12,13
AA,AA2,D12,1,1,2,2,4,3,3,3,3,4,4,5,6,7,9,10,11,12
AA,AA3,D13,1,1,1,1,2,2,2,2,2,2,2,2,2,3,3,3,4,6
AA,AA3,D14,1,1,1,1,2,2,2,2,2,2,3,3,5,5,5,5,5,5
AA,AA3,D15,1,1,1,1,2,2,2,3,3,4,5,5,5,5,5,5,6,6
AA,AA4,D16,1,1,1,1,2,2,2,3,2,2,2,2,2,3,3,4,5,7
AA,AA4,D17,1,1,1,1,2,2,2,2,2,2,2,2,3,5,5,6,6,6
AA,AA4,D18,1,1,1,1,2,2,2,2,2,3,4,4,5,6,6,7,7,8
Control,C3,D19,1,1,2,2,4,4,4,5,5,7,7,7,7,7,7,7,7,7
Control,C3,D20,1,1,1,1,2,2,2,2,2,2,2,2,2,2,3,4,4,5
Control,C3,D21,1,1,1,1,1,2,2,2,2,2,2,2,2,2,2,2,2,2
Control,C4,D22,1,1,1,1,2,2,2,2,2,2,3,3,4,4,4,4,4,6
Control,C4,D23,1,1,1,1,1,1,1,1,1,2,2,2,3,3,5,5,6,7
Control,C4,D24,1,1,1,1,3,3,3,3,3,5,5,6,8,9,9,9,9,11
AB,AB1,D25,1,1,1,1,1,1,1,1,1,0,0,0,0,0,0,0,0,0
AB,AB1,D26,1,1,1,1,1,1,1,1,0,0,0,0,0,0,0,0,0,0
AB,AB1,D27,1,1,1,1,1,1,1,1,1,1,1,1,1,1,0,0,0,0
AB,AB2,D28,1,1,1,1,1,1,1,1,1,1,0,0,0,0,0,0,0,0
AB,AB2,D29,1,1,1,1,1,1,1,1,0,0,0,0,0,0,0,0,0,0
AB,AB2,D30,1,1,1,1,1,1,1,1,1,1,1,0,0,0,0,0,0,0
AB,AB3,D31,1,1,1,1,1,1,1,1,1,1,1,0,0,0,0,0,0,0
AB,AB3,D32,1,1,1,1,1,1,1,1,1,1,1,1,1,0,0,0,0,0
AB,AB3,D33,1,1,1,1,1,1,1,1,1,1,0,0,0,0,0,0,0,0
AB,AB4,D34,1,1,1,1,1,1,1,1,1,1,0,0,0,0,0,0,0,0
AB,AB4,D35,1,1,1,1,1,1,1,1,0,0,0,0,0,0,0,0,0,0
AB,AB4,D36,1,1,1,1,1,1,1,1,0,0,0,0,0,0,0,0,0,0
Control,C5,D37,1,1,1,1,1,1,1,1,1,1,1,1,1,1,1,1,1,1
Control,C5,D38,1,1,1,1,1,1,1,1,1,1,1,1,1,1,1,1,1,1
Control,C5,D39,1,1,1,1,3,3,3,3,3,4,4,4,4,5,5,4,4,4
Control,C6,D40,1,1,1,1,1,1,1,1,1,1,1,1,1,1,1,1,2,2
Control,C6,D41,1,1,1,1,2,2,2,2,2,2,2,2,2,3,2,2,1,1
Control,C6,D42,1,1,1,1,1,1,1,1,1,1,1,1,1,1,1,1,1,1
BB,BB1,D43,1,1,1,1,2,2,2,2,2,2,2,2,2,2,2,2,3,3
BB,BB1,D44,1,1,1,1,2,2,2,2,2,2,3,4,5,5,5,5,7,8
BB,BB1,D45,1,1,1,1,1,1,1,1,1,1,1,1,1,1,1,1,1,1
BB,BB2,D46,1,1,1,1,1,2,2,2,2,2,2,2,2,2,2,2,2,1
BB,BB2,D47,1,1,1,1,1,2,2,2,2,2,2,1,1,1,1,1,1,0
BB,BB2,D48,1,1,1,1,2,2,2,2,2,2,2,4,4,5,5,5,5,5
BB,BB3,D49,1,1,1,1,2,2,2,2,2,2,2,2,2,2,2,2,2,2
BB,BB3,D50,1,1,1,1,2,2,2,2,2,2,2,2,2,2,2,2,2,2
BB,BB3,D51,1,1,1,1,1,1,1,2,2,2,3,3,3,3,3,2,3,3
BB,BB4,D52,1,1,1,1,4,4,5,5,5,5,7,7,7,9,13,15,15,15
BB,BB4,D53,1,1,1,1,1,1,1,1,1,1,1,1,1,1,1,1,1,1
BB,BB4,D54,1,1,1,1,1,1,1,1,1,1,1,1,1,1,1,1,1,1
