UV,Jar,Dish,Day00,Day01,Day02,Day03,Day04,Day05,Day06,Day07,Day09,Day11,Day13,Day15,Day17,Day19,Day21,Day23,Day25,Day27
Control,C1,1,0,0,0,0,0,0,0,0,0,0,0,0,0,0,0,0,0,0
Control,C1,2,0,0,0,0,0,0,0,0,0,0,0,0,0,0,0,0,0,0
Control,C1,3,0,0,0,0,0,0,0,0,0,0,0,0,0,0,0,1,0,0
Control,C2,4,0,0,0,0,0,0,0,0,0,1,1,0,0,0,0,0,0,0
Control,C2,5,0,0,0,0,0,0,0,0,0,0,0,0,0,0,0,1,1,0
Control,C2,6,0,0,0,0,0,0,0,0,0,0,0,0,0,0,0,0,0,0
AA,AA1,7,0,0,0,0,0,0,0,0,0,0,0,0,0,0,0,0,0,1
AA,AA1,8,0,0,0,0,0,0,0,0,0,0,0,0,0,0,0,1,0,0
AA,AA1,9,0,0,0,0,0,0,0,0,0,0,0,0,0,0,0,0,0,0
AA,AA2,10,0,0,0,0,0,0,0,0,0,0,0,0,0,0,0,0,0,0
AA,AA2,11,0,0,0,0,0,0,0,0,0,0,0,0,0,0,0,0,0,0
AA,AA2,12,0,0,0,0,0,0,0,0,0,0,0,0,0,0,0,0,0,0
AA,AA3,13,0,0,0,0,0,0,0,0,0,0,0,0,0,0,0,0,0,0
AA,AA3,14,0,0,0,0,0,0,0,0,0,0,0,0,0,0,0,0,0,0
AA,AA3,15,0,0,0,0,0,0,0,0,0,0,0,1,0,0,0,0,0,0
AA,AA4,16,0,0,0,0,0,1,1,1,0,0,0,0,0,0,0,0,0,0
AA,AA4,17,0,0,0,0,0,0,0,0,0,0,0,0,0,0,0,0,0,0
AA,AA4,18,0,0,0,0,0,0,0,0,0,0,0,0,0,0,0,0,0,0
Control,C3,19,0,0,0,0,0,0,0,0,0,0,0,0,0,0,1,1,1,1
Control,C3,20,0,0,0,0,0,0,0,0,0,0,0,0,0,0,0,0,0,1
Control,C3,21,0,0,0,0,0,0,0,0,0,0,0,0,0,0,0,0,0,0
Control,C4,22,0,0,0,0,0,0,0,0,0,0,0,1,0,1,0,0,1,0
Control,C4,23,0,0,0,0,0,0,0,0,0,0,1,1,0,0,0,0,0,0
Control,C4,24,0,0,0,0,0,0,0,0,0,0,0,0,0,0,0,0,0,0
AB,AB1,25,0,0,0,0,0,0,0,0,0,1,1,1,1,1,1,1,1,1
AB,AB1,26,0,0,0,0,0,0,0,0,1,1,1,1,1,1,1,1,1,1
AB,AB1,27,0,0,0,0,0,0,0,0,0,1,0,0,0,0,1,1,1,1
AB,AB2,28,0,0,0,0,0,0,0,0,0,0,1,1,1,1,1,1,1,1
AB,AB2,29,0,1,1,1,1,1,1,1,1,1,1,1,1,1,1,1,1,1
AB,AB2,30,0,0,0,0,0,0,0,0,0,0,0,1,1,1,1,1,1,1
AB,AB3,31,0,0,0,0,0,0,0,0,0,0,0,1,1,1,1,1,1,1
AB,AB3,32,0,0,0,0,0,0,0,0,0,0,0,0,0,1,1,1,1,1
AB,AB3,33,0,0,0,0,0,0,0,0,0,0,1,1,1,1,1,1,1,1
AB,AB4,34,0,0,0,0,0,0,0,0,0,0,1,1,1,1,1,1,1,1
AB,AB4,35,0,0,0,0,1,1,1,1,1,1,1,1,1,1,1,1,1,1
AB,AB4,36,0,0,0,0,0,0,0,0,1,1,1,1,1,1,1,1,1,1
Control,C5,37,0,0,0,0,0,0,0,0,0,0,0,0,0,0,1,1,1,1
Control,C5,38,0,0,0,0,0,0,0,0,0,0,0,0,0,0,0,0,0,1
Control,C5,39,0,0,0,0,0,0,0,0,0,0,0,0,0,0,1,1,1,0
Control,C6,40,0,0,0,0,0,0,0,0,0,0,0,0,0,0,0,0,0,0
Control,C6,41,0,0,0,0,0,0,0,0,0,0,0,0,0,1,0,0,0,0
Control,C6,42,0,0,0,0,0,0,0,0,0,0,0,0,0,0,0,0,0,0
BB,BB1,43,0,0,1,0,0,1,0,1,0,0,0,0,0,0,0,0,0,0
BB,BB1,44,0,0,0,0,0,0,0,0,0,0,0,0,0,1,1,0,0,1
BB,BB1,45,0,0,0,0,0,0,0,0,0,0,0,0,0,0,0,0,0,0
BB,BB2,46,0,0,0,0,0,0,0,0,0,1,1,0,0,0,0,0,1,0
BB,BB2,47,0,0,0,0,0,0,0,0,0,0,0,1,1,1,1,1,1,1
BB,BB2,48,0,0,0,0,0,0,0,0,0,0,0,0,0,0,1,0,0,0
BB,BB3,49,0,0,0,0,0,0,0,0,0,0,0,0,1,0,0,0,0,0
BB,BB3,50,0,0,0,0,0,0,0,0,0,0,0,0,0,0,0,0,0,0
BB,BB3,51,0,0,0,0,0,0,0,1,0,0,1,1,1,0,1,1,0,0
BB,BB4,52,0,0,0,0,0,0,0,0,0,0,0,1,0,0,0,0,1,0
BB,BB4,53,0,0,0,0,0,0,0,0,0,0,1,1,0,0,1,0,0,0
BB,BB4,54,0,0,0,0,0,0,0,0,0,0,0,0,1,1,1,0,0,0
